Drone_X,Drone_Y,Drone_Z
1.9733738,0.0,3.0249698
1.968629,-1.0569288e-05,2.952761
1.519199,-0.00016195397,2.8317933
0.8736293,-7.727897e-05,2.7999096
0.6846524,3.2501983e-05,2.8354452
0.4893459,0.00019661828,2.8932385
0.35119784,0.0003291617,2.9984417
0.42512545,-0.0005865944,3.037317
0.12079243,-0.0014361673,3.3816557
0.10166763,-0.0026887225,3.4680266